,0,1,2,3,4,5,6,7
0,75.0,1.0,2.0,1.0,2.0,2.0,10.0,0.066096
1,75.0,1.0,2.0,1.0,2.0,2.0,10.0,0.132192
2,75.0,1.0,2.0,1.0,2.0,2.0,10.0,0.264384
3,75.0,1.0,2.0,1.0,2.0,2.0,10.0,0.528768
4,75.0,1.0,2.0,1.0,2.0,2.0,10.0,1.057536
5,75.0,1.0,2.0,1.0,2.0,2.0,13.0,0.066096
6,75.0,1.0,2.0,1.0,2.0,2.0,13.0,0.132192
7,75.0,1.0,2.0,1.0,2.0,2.0,13.0,0.264384
8,75.0,1.0,2.0,1.0,2.0,2.0,13.0,0.528768
9,75.0,1.0,2.0,1.0,2.0,2.0,13.0,1.057536
10,75.0,1.0,2.0,1.0,2.0,2.0,16.0,0.066096
11,75.0,1.0,2.0,1.0,2.0,2.0,16.0,0.132192
12,75.0,1.0,2.0,1.0,2.0,2.0,16.0,0.264384
13,75.0,1.0,2.0,1.0,2.0,2.0,16.0,0.528768
14,75.0,1.0,2.0,1.0,2.0,2.0,16.0,1.057536
15,75.0,1.0,2.0,1.0,2.0,2.0,19.0,0.066096
16,75.0,1.0,2.0,1.0,2.0,2.0,19.0,0.132192
17,75.0,1.0,2.0,1.0,2.0,2.0,19.0,0.264384
18,75.0,1.0,2.0,1.0,2.0,2.0,19.0,0.528768
19,75.0,1.0,2.0,1.0,2.0,2.0,19.0,1.057536
20,75.0,1.0,2.0,1.0,2.0,2.0,22.0,0.066096
21,75.0,1.0,2.0,1.0,2.0,2.0,22.0,0.132192
22,75.0,1.0,2.0,1.0,2.0,2.0,22.0,0.264384
23,75.0,1.0,2.0,1.0,2.0,2.0,22.0,0.528768
24,75.0,1.0,2.0,1.0,2.0,2.0,22.0,1.057536
25,75.0,1.5,3.0,1.5,2.5,2.5,10.0,0.066096
26,75.0,1.5,3.0,1.5,2.5,2.5,10.0,0.132192
27,75.0,1.5,3.0,1.5,2.5,2.5,10.0,0.264384
28,75.0,1.5,3.0,1.5,2.5,2.5,10.0,0.528768
29,75.0,1.5,3.0,1.5,2.5,2.5,10.0,1.057536
30,75.0,1.5,3.0,1.5,2.5,2.5,13.0,0.066096
31,75.0,1.5,3.0,1.5,2.5,2.5,13.0,0.132192
32,75.0,1.5,3.0,1.5,2.5,2.5,13.0,0.264384
33,75.0,1.5,3.0,1.5,2.5,2.5,13.0,0.528768
34,75.0,1.5,3.0,1.5,2.5,2.5,13.0,1.057536
35,75.0,1.5,3.0,1.5,2.5,2.5,16.0,0.066096
36,75.0,1.5,3.0,1.5,2.5,2.5,16.0,0.132192
37,75.0,1.5,3.0,1.5,2.5,2.5,16.0,0.264384
38,75.0,1.5,3.0,1.5,2.5,2.5,16.0,0.528768
39,75.0,1.5,3.0,1.5,2.5,2.5,16.0,1.057536
40,75.0,1.5,3.0,1.5,2.5,2.5,19.0,0.066096
41,75.0,1.5,3.0,1.5,2.5,2.5,19.0,0.132192
42,75.0,1.5,3.0,1.5,2.5,2.5,19.0,0.264384
43,75.0,1.5,3.0,1.5,2.5,2.5,19.0,0.528768
44,75.0,1.5,3.0,1.5,2.5,2.5,19.0,1.057536
45,75.0,1.5,3.0,1.5,2.5,2.5,22.0,0.066096
46,75.0,1.5,3.0,1.5,2.5,2.5,22.0,0.132192
47,75.0,1.5,3.0,1.5,2.5,2.5,22.0,0.264384
48,75.0,1.5,3.0,1.5,2.5,2.5,22.0,0.528768
49,75.0,1.5,3.0,1.5,2.5,2.5,22.0,1.057536
50,75.0,2.0,4.0,2.0,3.0,3.0,10.0,0.066096
51,75.0,2.0,4.0,2.0,3.0,3.0,10.0,0.132192
52,75.0,2.0,4.0,2.0,3.0,3.0,10.0,0.264384
53,75.0,2.0,4.0,2.0,3.0,3.0,10.0,0.528768
54,75.0,2.0,4.0,2.0,3.0,3.0,10.0,1.057536
55,75.0,2.0,4.0,2.0,3.0,3.0,13.0,0.066096
56,75.0,2.0,4.0,2.0,3.0,3.0,13.0,0.132192
57,75.0,2.0,4.0,2.0,3.0,3.0,13.0,0.264384
58,75.0,2.0,4.0,2.0,3.0,3.0,13.0,0.528768
59,75.0,2.0,4.0,2.0,3.0,3.0,13.0,1.057536
60,75.0,2.0,4.0,2.0,3.0,3.0,16.0,0.066096
61,75.0,2.0,4.0,2.0,3.0,3.0,16.0,0.132192
62,75.0,2.0,4.0,2.0,3.0,3.0,16.0,0.264384
63,75.0,2.0,4.0,2.0,3.0,3.0,16.0,0.528768
64,75.0,2.0,4.0,2.0,3.0,3.0,16.0,1.057536
65,75.0,2.0,4.0,2.0,3.0,3.0,19.0,0.066096
66,75.0,2.0,4.0,2.0,3.0,3.0,19.0,0.132192
67,75.0,2.0,4.0,2.0,3.0,3.0,19.0,0.264384
68,75.0,2.0,4.0,2.0,3.0,3.0,19.0,0.528768
69,75.0,2.0,4.0,2.0,3.0,3.0,19.0,1.057536
70,75.0,2.0,4.0,2.0,3.0,3.0,22.0,0.066096
71,75.0,2.0,4.0,2.0,3.0,3.0,22.0,0.132192
72,75.0,2.0,4.0,2.0,3.0,3.0,22.0,0.264384
73,75.0,2.0,4.0,2.0,3.0,3.0,22.0,0.528768
74,75.0,2.0,4.0,2.0,3.0,3.0,22.0,1.057536
75,75.0,2.5,5.0,2.5,3.5,3.5,10.0,0.066096
76,75.0,2.5,5.0,2.5,3.5,3.5,10.0,0.132192
77,75.0,2.5,5.0,2.5,3.5,3.5,10.0,0.264384
78,75.0,2.5,5.0,2.5,3.5,3.5,10.0,0.528768
79,75.0,2.5,5.0,2.5,3.5,3.5,10.0,1.057536
80,75.0,2.5,5.0,2.5,3.5,3.5,13.0,0.066096
81,75.0,2.5,5.0,2.5,3.5,3.5,13.0,0.132192
82,75.0,2.5,5.0,2.5,3.5,3.5,13.0,0.264384
83,75.0,2.5,5.0,2.5,3.5,3.5,13.0,0.528768
84,75.0,2.5,5.0,2.5,3.5,3.5,13.0,1.057536
85,75.0,2.5,5.0,2.5,3.5,3.5,16.0,0.066096
86,75.0,2.5,5.0,2.5,3.5,3.5,16.0,0.132192
87,75.0,2.5,5.0,2.5,3.5,3.5,16.0,0.264384
88,75.0,2.5,5.0,2.5,3.5,3.5,16.0,0.528768
89,75.0,2.5,5.0,2.5,3.5,3.5,16.0,1.057536
90,75.0,2.5,5.0,2.5,3.5,3.5,19.0,0.066096
91,75.0,2.5,5.0,2.5,3.5,3.5,19.0,0.132192
92,75.0,2.5,5.0,2.5,3.5,3.5,19.0,0.264384
93,75.0,2.5,5.0,2.5,3.5,3.5,19.0,0.528768
94,75.0,2.5,5.0,2.5,3.5,3.5,19.0,1.057536
95,75.0,2.5,5.0,2.5,3.5,3.5,22.0,0.066096
96,75.0,2.5,5.0,2.5,3.5,3.5,22.0,0.132192
97,75.0,2.5,5.0,2.5,3.5,3.5,22.0,0.264384
98,75.0,2.5,5.0,2.5,3.5,3.5,22.0,0.528768
99,75.0,2.5,5.0,2.5,3.5,3.5,22.0,1.057536
100,75.0,3.0,6.0,3.0,4.0,4.0,10.0,0.066096
101,75.0,3.0,6.0,3.0,4.0,4.0,10.0,0.132192
102,75.0,3.0,6.0,3.0,4.0,4.0,10.0,0.264384
103,75.0,3.0,6.0,3.0,4.0,4.0,10.0,0.528768
104,75.0,3.0,6.0,3.0,4.0,4.0,10.0,1.057536
105,75.0,3.0,6.0,3.0,4.0,4.0,13.0,0.066096
106,75.0,3.0,6.0,3.0,4.0,4.0,13.0,0.132192
107,75.0,3.0,6.0,3.0,4.0,4.0,13.0,0.264384
108,75.0,3.0,6.0,3.0,4.0,4.0,13.0,0.528768
109,75.0,3.0,6.0,3.0,4.0,4.0,13.0,1.057536
110,75.0,3.0,6.0,3.0,4.0,4.0,16.0,0.066096
111,75.0,3.0,6.0,3.0,4.0,4.0,16.0,0.132192
112,75.0,3.0,6.0,3.0,4.0,4.0,16.0,0.264384
113,75.0,3.0,6.0,3.0,4.0,4.0,16.0,0.528768
114,75.0,3.0,6.0,3.0,4.0,4.0,16.0,1.057536
115,75.0,3.0,6.0,3.0,4.0,4.0,19.0,0.066096
116,75.0,3.0,6.0,3.0,4.0,4.0,19.0,0.132192
117,75.0,3.0,6.0,3.0,4.0,4.0,19.0,0.264384
118,75.0,3.0,6.0,3.0,4.0,4.0,19.0,0.528768
119,75.0,3.0,6.0,3.0,4.0,4.0,19.0,1.057536
120,75.0,3.0,6.0,3.0,4.0,4.0,22.0,0.066096
121,75.0,3.0,6.0,3.0,4.0,4.0,22.0,0.132192
122,75.0,3.0,6.0,3.0,4.0,4.0,22.0,0.264384
123,75.0,3.0,6.0,3.0,4.0,4.0,22.0,0.528768
124,75.0,3.0,6.0,3.0,4.0,4.0,22.0,1.057536
125,100.0,1.0,3.0,2.0,3.5,4.0,10.0,0.066096
126,100.0,1.0,3.0,2.0,3.5,4.0,10.0,0.132192
127,100.0,1.0,3.0,2.0,3.5,4.0,10.0,0.264384
128,100.0,1.0,3.0,2.0,3.5,4.0,10.0,0.528768
129,100.0,1.0,3.0,2.0,3.5,4.0,10.0,1.057536
130,100.0,1.0,3.0,2.0,3.5,4.0,13.0,0.066096
131,100.0,1.0,3.0,2.0,3.5,4.0,13.0,0.132192
132,100.0,1.0,3.0,2.0,3.5,4.0,13.0,0.264384
133,100.0,1.0,3.0,2.0,3.5,4.0,13.0,0.528768
134,100.0,1.0,3.0,2.0,3.5,4.0,13.0,1.057536
135,100.0,1.0,3.0,2.0,3.5,4.0,16.0,0.066096
136,100.0,1.0,3.0,2.0,3.5,4.0,16.0,0.132192
137,100.0,1.0,3.0,2.0,3.5,4.0,16.0,0.264384
138,100.0,1.0,3.0,2.0,3.5,4.0,16.0,0.528768
139,100.0,1.0,3.0,2.0,3.5,4.0,16.0,1.057536
140,100.0,1.0,3.0,2.0,3.5,4.0,19.0,0.066096
141,100.0,1.0,3.0,2.0,3.5,4.0,19.0,0.132192
142,100.0,1.0,3.0,2.0,3.5,4.0,19.0,0.264384
143,100.0,1.0,3.0,2.0,3.5,4.0,19.0,0.528768
144,100.0,1.0,3.0,2.0,3.5,4.0,19.0,1.057536
145,100.0,1.0,3.0,2.0,3.5,4.0,22.0,0.066096
146,100.0,1.0,3.0,2.0,3.5,4.0,22.0,0.132192
147,100.0,1.0,3.0,2.0,3.5,4.0,22.0,0.264384
148,100.0,1.0,3.0,2.0,3.5,4.0,22.0,0.528768
149,100.0,1.0,3.0,2.0,3.5,4.0,22.0,1.057536
150,100.0,1.5,4.0,2.5,4.0,2.0,10.0,0.066096
151,100.0,1.5,4.0,2.5,4.0,2.0,10.0,0.132192
152,100.0,1.5,4.0,2.5,4.0,2.0,10.0,0.264384
153,100.0,1.5,4.0,2.5,4.0,2.0,10.0,0.528768
154,100.0,1.5,4.0,2.5,4.0,2.0,10.0,1.057536
155,100.0,1.5,4.0,2.5,4.0,2.0,13.0,0.066096
156,100.0,1.5,4.0,2.5,4.0,2.0,13.0,0.132192
157,100.0,1.5,4.0,2.5,4.0,2.0,13.0,0.264384
158,100.0,1.5,4.0,2.5,4.0,2.0,13.0,0.528768
159,100.0,1.5,4.0,2.5,4.0,2.0,13.0,1.057536
160,100.0,1.5,4.0,2.5,4.0,2.0,16.0,0.066096
161,100.0,1.5,4.0,2.5,4.0,2.0,16.0,0.132192
162,100.0,1.5,4.0,2.5,4.0,2.0,16.0,0.264384
163,100.0,1.5,4.0,2.5,4.0,2.0,16.0,0.528768
164,100.0,1.5,4.0,2.5,4.0,2.0,16.0,1.057536
165,100.0,1.5,4.0,2.5,4.0,2.0,19.0,0.066096
166,100.0,1.5,4.0,2.5,4.0,2.0,19.0,0.132192
167,100.0,1.5,4.0,2.5,4.0,2.0,19.0,0.264384
168,100.0,1.5,4.0,2.5,4.0,2.0,19.0,0.528768
169,100.0,1.5,4.0,2.5,4.0,2.0,19.0,1.057536
170,100.0,1.5,4.0,2.5,4.0,2.0,22.0,0.066096
171,100.0,1.5,4.0,2.5,4.0,2.0,22.0,0.132192
172,100.0,1.5,4.0,2.5,4.0,2.0,22.0,0.264384
173,100.0,1.5,4.0,2.5,4.0,2.0,22.0,0.528768
174,100.0,1.5,4.0,2.5,4.0,2.0,22.0,1.057536
175,100.0,2.0,5.0,3.0,2.0,2.5,10.0,0.066096
176,100.0,2.0,5.0,3.0,2.0,2.5,10.0,0.132192
177,100.0,2.0,5.0,3.0,2.0,2.5,10.0,0.264384
178,100.0,2.0,5.0,3.0,2.0,2.5,10.0,0.528768
179,100.0,2.0,5.0,3.0,2.0,2.5,10.0,1.057536
180,100.0,2.0,5.0,3.0,2.0,2.5,13.0,0.066096
181,100.0,2.0,5.0,3.0,2.0,2.5,13.0,0.132192
182,100.0,2.0,5.0,3.0,2.0,2.5,13.0,0.264384
183,100.0,2.0,5.0,3.0,2.0,2.5,13.0,0.528768
184,100.0,2.0,5.0,3.0,2.0,2.5,13.0,1.057536
185,100.0,2.0,5.0,3.0,2.0,2.5,16.0,0.066096
186,100.0,2.0,5.0,3.0,2.0,2.5,16.0,0.132192
187,100.0,2.0,5.0,3.0,2.0,2.5,16.0,0.264384
188,100.0,2.0,5.0,3.0,2.0,2.5,16.0,0.528768
189,100.0,2.0,5.0,3.0,2.0,2.5,16.0,1.057536
190,100.0,2.0,5.0,3.0,2.0,2.5,19.0,0.066096
191,100.0,2.0,5.0,3.0,2.0,2.5,19.0,0.132192
192,100.0,2.0,5.0,3.0,2.0,2.5,19.0,0.264384
193,100.0,2.0,5.0,3.0,2.0,2.5,19.0,0.528768
194,100.0,2.0,5.0,3.0,2.0,2.5,19.0,1.057536
195,100.0,2.0,5.0,3.0,2.0,2.5,22.0,0.066096
196,100.0,2.0,5.0,3.0,2.0,2.5,22.0,0.132192
197,100.0,2.0,5.0,3.0,2.0,2.5,22.0,0.264384
198,100.0,2.0,5.0,3.0,2.0,2.5,22.0,0.528768
199,100.0,2.0,5.0,3.0,2.0,2.5,22.0,1.057536
200,100.0,2.5,6.0,1.0,2.5,3.0,10.0,0.066096
201,100.0,2.5,6.0,1.0,2.5,3.0,10.0,0.132192
202,100.0,2.5,6.0,1.0,2.5,3.0,10.0,0.264384
203,100.0,2.5,6.0,1.0,2.5,3.0,10.0,0.528768
204,100.0,2.5,6.0,1.0,2.5,3.0,10.0,1.057536
205,100.0,2.5,6.0,1.0,2.5,3.0,13.0,0.066096
206,100.0,2.5,6.0,1.0,2.5,3.0,13.0,0.132192
207,100.0,2.5,6.0,1.0,2.5,3.0,13.0,0.264384
208,100.0,2.5,6.0,1.0,2.5,3.0,13.0,0.528768
209,100.0,2.5,6.0,1.0,2.5,3.0,13.0,1.057536
210,100.0,2.5,6.0,1.0,2.5,3.0,16.0,0.066096
211,100.0,2.5,6.0,1.0,2.5,3.0,16.0,0.132192
212,100.0,2.5,6.0,1.0,2.5,3.0,16.0,0.264384
213,100.0,2.5,6.0,1.0,2.5,3.0,16.0,0.528768
214,100.0,2.5,6.0,1.0,2.5,3.0,16.0,1.057536
215,100.0,2.5,6.0,1.0,2.5,3.0,19.0,0.066096
216,100.0,2.5,6.0,1.0,2.5,3.0,19.0,0.132192
217,100.0,2.5,6.0,1.0,2.5,3.0,19.0,0.264384
218,100.0,2.5,6.0,1.0,2.5,3.0,19.0,0.528768
219,100.0,2.5,6.0,1.0,2.5,3.0,19.0,1.057536
220,100.0,2.5,6.0,1.0,2.5,3.0,22.0,0.066096
221,100.0,2.5,6.0,1.0,2.5,3.0,22.0,0.132192
222,100.0,2.5,6.0,1.0,2.5,3.0,22.0,0.264384
223,100.0,2.5,6.0,1.0,2.5,3.0,22.0,0.528768
224,100.0,2.5,6.0,1.0,2.5,3.0,22.0,1.057536
225,100.0,3.0,2.0,1.5,3.0,3.5,10.0,0.066096
226,100.0,3.0,2.0,1.5,3.0,3.5,10.0,0.132192
227,100.0,3.0,2.0,1.5,3.0,3.5,10.0,0.264384
228,100.0,3.0,2.0,1.5,3.0,3.5,10.0,0.528768
229,100.0,3.0,2.0,1.5,3.0,3.5,10.0,1.057536
230,100.0,3.0,2.0,1.5,3.0,3.5,13.0,0.066096
231,100.0,3.0,2.0,1.5,3.0,3.5,13.0,0.132192
232,100.0,3.0,2.0,1.5,3.0,3.5,13.0,0.264384
233,100.0,3.0,2.0,1.5,3.0,3.5,13.0,0.528768
234,100.0,3.0,2.0,1.5,3.0,3.5,13.0,1.057536
235,100.0,3.0,2.0,1.5,3.0,3.5,16.0,0.066096
236,100.0,3.0,2.0,1.5,3.0,3.5,16.0,0.132192
237,100.0,3.0,2.0,1.5,3.0,3.5,16.0,0.264384
238,100.0,3.0,2.0,1.5,3.0,3.5,16.0,0.528768
239,100.0,3.0,2.0,1.5,3.0,3.5,16.0,1.057536
240,100.0,3.0,2.0,1.5,3.0,3.5,19.0,0.066096
241,100.0,3.0,2.0,1.5,3.0,3.5,19.0,0.132192
242,100.0,3.0,2.0,1.5,3.0,3.5,19.0,0.264384
243,100.0,3.0,2.0,1.5,3.0,3.5,19.0,0.528768
244,100.0,3.0,2.0,1.5,3.0,3.5,19.0,1.057536
245,100.0,3.0,2.0,1.5,3.0,3.5,22.0,0.066096
246,100.0,3.0,2.0,1.5,3.0,3.5,22.0,0.132192
247,100.0,3.0,2.0,1.5,3.0,3.5,22.0,0.264384
248,100.0,3.0,2.0,1.5,3.0,3.5,22.0,0.528768
249,100.0,3.0,2.0,1.5,3.0,3.5,22.0,1.057536
250,125.0,1.0,4.0,3.0,2.5,3.5,10.0,0.066096
251,125.0,1.0,4.0,3.0,2.5,3.5,10.0,0.132192
252,125.0,1.0,4.0,3.0,2.5,3.5,10.0,0.264384
253,125.0,1.0,4.0,3.0,2.5,3.5,10.0,0.528768
254,125.0,1.0,4.0,3.0,2.5,3.5,10.0,1.057536
255,125.0,1.0,4.0,3.0,2.5,3.5,13.0,0.066096
256,125.0,1.0,4.0,3.0,2.5,3.5,13.0,0.132192
257,125.0,1.0,4.0,3.0,2.5,3.5,13.0,0.264384
258,125.0,1.0,4.0,3.0,2.5,3.5,13.0,0.528768
259,125.0,1.0,4.0,3.0,2.5,3.5,13.0,1.057536
260,125.0,1.0,4.0,3.0,2.5,3.5,16.0,0.066096
261,125.0,1.0,4.0,3.0,2.5,3.5,16.0,0.132192
262,125.0,1.0,4.0,3.0,2.5,3.5,16.0,0.264384
263,125.0,1.0,4.0,3.0,2.5,3.5,16.0,0.528768
264,125.0,1.0,4.0,3.0,2.5,3.5,16.0,1.057536
265,125.0,1.0,4.0,3.0,2.5,3.5,19.0,0.066096
266,125.0,1.0,4.0,3.0,2.5,3.5,19.0,0.132192
267,125.0,1.0,4.0,3.0,2.5,3.5,19.0,0.264384
268,125.0,1.0,4.0,3.0,2.5,3.5,19.0,0.528768
269,125.0,1.0,4.0,3.0,2.5,3.5,19.0,1.057536
270,125.0,1.0,4.0,3.0,2.5,3.5,22.0,0.066096
271,125.0,1.0,4.0,3.0,2.5,3.5,22.0,0.132192
272,125.0,1.0,4.0,3.0,2.5,3.5,22.0,0.264384
273,125.0,1.0,4.0,3.0,2.5,3.5,22.0,0.528768
274,125.0,1.0,4.0,3.0,2.5,3.5,22.0,1.057536
275,125.0,1.5,5.0,1.0,3.0,4.0,10.0,0.066096
276,125.0,1.5,5.0,1.0,3.0,4.0,10.0,0.132192
277,125.0,1.5,5.0,1.0,3.0,4.0,10.0,0.264384
278,125.0,1.5,5.0,1.0,3.0,4.0,10.0,0.528768
279,125.0,1.5,5.0,1.0,3.0,4.0,10.0,1.057536
280,125.0,1.5,5.0,1.0,3.0,4.0,13.0,0.066096
281,125.0,1.5,5.0,1.0,3.0,4.0,13.0,0.132192
282,125.0,1.5,5.0,1.0,3.0,4.0,13.0,0.264384
283,125.0,1.5,5.0,1.0,3.0,4.0,13.0,0.528768
284,125.0,1.5,5.0,1.0,3.0,4.0,13.0,1.057536
285,125.0,1.5,5.0,1.0,3.0,4.0,16.0,0.066096
286,125.0,1.5,5.0,1.0,3.0,4.0,16.0,0.132192
287,125.0,1.5,5.0,1.0,3.0,4.0,16.0,0.264384
288,125.0,1.5,5.0,1.0,3.0,4.0,16.0,0.528768
289,125.0,1.5,5.0,1.0,3.0,4.0,16.0,1.057536
290,125.0,1.5,5.0,1.0,3.0,4.0,19.0,0.066096
291,125.0,1.5,5.0,1.0,3.0,4.0,19.0,0.132192
292,125.0,1.5,5.0,1.0,3.0,4.0,19.0,0.264384
293,125.0,1.5,5.0,1.0,3.0,4.0,19.0,0.528768
294,125.0,1.5,5.0,1.0,3.0,4.0,19.0,1.057536
295,125.0,1.5,5.0,1.0,3.0,4.0,22.0,0.066096
296,125.0,1.5,5.0,1.0,3.0,4.0,22.0,0.132192
297,125.0,1.5,5.0,1.0,3.0,4.0,22.0,0.264384
298,125.0,1.5,5.0,1.0,3.0,4.0,22.0,0.528768
299,125.0,1.5,5.0,1.0,3.0,4.0,22.0,1.057536
300,125.0,2.0,6.0,1.5,3.5,2.0,10.0,0.066096
301,125.0,2.0,6.0,1.5,3.5,2.0,10.0,0.132192
302,125.0,2.0,6.0,1.5,3.5,2.0,10.0,0.264384
303,125.0,2.0,6.0,1.5,3.5,2.0,10.0,0.528768
304,125.0,2.0,6.0,1.5,3.5,2.0,10.0,1.057536
305,125.0,2.0,6.0,1.5,3.5,2.0,13.0,0.066096
306,125.0,2.0,6.0,1.5,3.5,2.0,13.0,0.132192
307,125.0,2.0,6.0,1.5,3.5,2.0,13.0,0.264384
308,125.0,2.0,6.0,1.5,3.5,2.0,13.0,0.528768
309,125.0,2.0,6.0,1.5,3.5,2.0,13.0,1.057536
310,125.0,2.0,6.0,1.5,3.5,2.0,16.0,0.066096
311,125.0,2.0,6.0,1.5,3.5,2.0,16.0,0.132192
312,125.0,2.0,6.0,1.5,3.5,2.0,16.0,0.264384
313,125.0,2.0,6.0,1.5,3.5,2.0,16.0,0.528768
314,125.0,2.0,6.0,1.5,3.5,2.0,16.0,1.057536
315,125.0,2.0,6.0,1.5,3.5,2.0,19.0,0.066096
316,125.0,2.0,6.0,1.5,3.5,2.0,19.0,0.132192
317,125.0,2.0,6.0,1.5,3.5,2.0,19.0,0.264384
318,125.0,2.0,6.0,1.5,3.5,2.0,19.0,0.528768
319,125.0,2.0,6.0,1.5,3.5,2.0,19.0,1.057536
320,125.0,2.0,6.0,1.5,3.5,2.0,22.0,0.066096
321,125.0,2.0,6.0,1.5,3.5,2.0,22.0,0.132192
322,125.0,2.0,6.0,1.5,3.5,2.0,22.0,0.264384
323,125.0,2.0,6.0,1.5,3.5,2.0,22.0,0.528768
324,125.0,2.0,6.0,1.5,3.5,2.0,22.0,1.057536
325,125.0,2.5,2.0,2.0,4.0,2.5,10.0,0.066096
326,125.0,2.5,2.0,2.0,4.0,2.5,10.0,0.132192
327,125.0,2.5,2.0,2.0,4.0,2.5,10.0,0.264384
328,125.0,2.5,2.0,2.0,4.0,2.5,10.0,0.528768
329,125.0,2.5,2.0,2.0,4.0,2.5,10.0,1.057536
330,125.0,2.5,2.0,2.0,4.0,2.5,13.0,0.066096
331,125.0,2.5,2.0,2.0,4.0,2.5,13.0,0.132192
332,125.0,2.5,2.0,2.0,4.0,2.5,13.0,0.264384
333,125.0,2.5,2.0,2.0,4.0,2.5,13.0,0.528768
334,125.0,2.5,2.0,2.0,4.0,2.5,13.0,1.057536
335,125.0,2.5,2.0,2.0,4.0,2.5,16.0,0.066096
336,125.0,2.5,2.0,2.0,4.0,2.5,16.0,0.132192
337,125.0,2.5,2.0,2.0,4.0,2.5,16.0,0.264384
338,125.0,2.5,2.0,2.0,4.0,2.5,16.0,0.528768
339,125.0,2.5,2.0,2.0,4.0,2.5,16.0,1.057536
340,125.0,2.5,2.0,2.0,4.0,2.5,19.0,0.066096
341,125.0,2.5,2.0,2.0,4.0,2.5,19.0,0.132192
342,125.0,2.5,2.0,2.0,4.0,2.5,19.0,0.264384
343,125.0,2.5,2.0,2.0,4.0,2.5,19.0,0.528768
344,125.0,2.5,2.0,2.0,4.0,2.5,19.0,1.057536
345,125.0,2.5,2.0,2.0,4.0,2.5,22.0,0.066096
346,125.0,2.5,2.0,2.0,4.0,2.5,22.0,0.132192
347,125.0,2.5,2.0,2.0,4.0,2.5,22.0,0.264384
348,125.0,2.5,2.0,2.0,4.0,2.5,22.0,0.528768
349,125.0,2.5,2.0,2.0,4.0,2.5,22.0,1.057536
350,125.0,3.0,3.0,2.5,2.0,3.0,10.0,0.066096
351,125.0,3.0,3.0,2.5,2.0,3.0,10.0,0.132192
352,125.0,3.0,3.0,2.5,2.0,3.0,10.0,0.264384
353,125.0,3.0,3.0,2.5,2.0,3.0,10.0,0.528768
354,125.0,3.0,3.0,2.5,2.0,3.0,10.0,1.057536
355,125.0,3.0,3.0,2.5,2.0,3.0,13.0,0.066096
356,125.0,3.0,3.0,2.5,2.0,3.0,13.0,0.132192
357,125.0,3.0,3.0,2.5,2.0,3.0,13.0,0.264384
358,125.0,3.0,3.0,2.5,2.0,3.0,13.0,0.528768
359,125.0,3.0,3.0,2.5,2.0,3.0,13.0,1.057536
360,125.0,3.0,3.0,2.5,2.0,3.0,16.0,0.066096
361,125.0,3.0,3.0,2.5,2.0,3.0,16.0,0.132192
362,125.0,3.0,3.0,2.5,2.0,3.0,16.0,0.264384
363,125.0,3.0,3.0,2.5,2.0,3.0,16.0,0.528768
364,125.0,3.0,3.0,2.5,2.0,3.0,16.0,1.057536
365,125.0,3.0,3.0,2.5,2.0,3.0,19.0,0.066096
366,125.0,3.0,3.0,2.5,2.0,3.0,19.0,0.132192
367,125.0,3.0,3.0,2.5,2.0,3.0,19.0,0.264384
368,125.0,3.0,3.0,2.5,2.0,3.0,19.0,0.528768
369,125.0,3.0,3.0,2.5,2.0,3.0,19.0,1.057536
370,125.0,3.0,3.0,2.5,2.0,3.0,22.0,0.066096
371,125.0,3.0,3.0,2.5,2.0,3.0,22.0,0.132192
372,125.0,3.0,3.0,2.5,2.0,3.0,22.0,0.264384
373,125.0,3.0,3.0,2.5,2.0,3.0,22.0,0.528768
374,125.0,3.0,3.0,2.5,2.0,3.0,22.0,1.057536
375,150.0,1.0,5.0,1.5,4.0,3.0,10.0,0.066096
376,150.0,1.0,5.0,1.5,4.0,3.0,10.0,0.132192
377,150.0,1.0,5.0,1.5,4.0,3.0,10.0,0.264384
378,150.0,1.0,5.0,1.5,4.0,3.0,10.0,0.528768
379,150.0,1.0,5.0,1.5,4.0,3.0,10.0,1.057536
380,150.0,1.0,5.0,1.5,4.0,3.0,13.0,0.066096
381,150.0,1.0,5.0,1.5,4.0,3.0,13.0,0.132192
382,150.0,1.0,5.0,1.5,4.0,3.0,13.0,0.264384
383,150.0,1.0,5.0,1.5,4.0,3.0,13.0,0.528768
384,150.0,1.0,5.0,1.5,4.0,3.0,13.0,1.057536
385,150.0,1.0,5.0,1.5,4.0,3.0,16.0,0.066096
386,150.0,1.0,5.0,1.5,4.0,3.0,16.0,0.132192
387,150.0,1.0,5.0,1.5,4.0,3.0,16.0,0.264384
388,150.0,1.0,5.0,1.5,4.0,3.0,16.0,0.528768
389,150.0,1.0,5.0,1.5,4.0,3.0,16.0,1.057536
390,150.0,1.0,5.0,1.5,4.0,3.0,19.0,0.066096
391,150.0,1.0,5.0,1.5,4.0,3.0,19.0,0.132192
392,150.0,1.0,5.0,1.5,4.0,3.0,19.0,0.264384
393,150.0,1.0,5.0,1.5,4.0,3.0,19.0,0.528768
394,150.0,1.0,5.0,1.5,4.0,3.0,19.0,1.057536
395,150.0,1.0,5.0,1.5,4.0,3.0,22.0,0.066096
396,150.0,1.0,5.0,1.5,4.0,3.0,22.0,0.132192
397,150.0,1.0,5.0,1.5,4.0,3.0,22.0,0.264384
398,150.0,1.0,5.0,1.5,4.0,3.0,22.0,0.528768
399,150.0,1.0,5.0,1.5,4.0,3.0,22.0,1.057536
400,150.0,1.5,6.0,2.0,2.0,3.5,10.0,0.066096
401,150.0,1.5,6.0,2.0,2.0,3.5,10.0,0.132192
402,150.0,1.5,6.0,2.0,2.0,3.5,10.0,0.264384
403,150.0,1.5,6.0,2.0,2.0,3.5,10.0,0.528768
404,150.0,1.5,6.0,2.0,2.0,3.5,10.0,1.057536
405,150.0,1.5,6.0,2.0,2.0,3.5,13.0,0.066096
406,150.0,1.5,6.0,2.0,2.0,3.5,13.0,0.132192
407,150.0,1.5,6.0,2.0,2.0,3.5,13.0,0.264384
408,150.0,1.5,6.0,2.0,2.0,3.5,13.0,0.528768
409,150.0,1.5,6.0,2.0,2.0,3.5,13.0,1.057536
410,150.0,1.5,6.0,2.0,2.0,3.5,16.0,0.066096
411,150.0,1.5,6.0,2.0,2.0,3.5,16.0,0.132192
412,150.0,1.5,6.0,2.0,2.0,3.5,16.0,0.264384
413,150.0,1.5,6.0,2.0,2.0,3.5,16.0,0.528768
414,150.0,1.5,6.0,2.0,2.0,3.5,16.0,1.057536
415,150.0,1.5,6.0,2.0,2.0,3.5,19.0,0.066096
416,150.0,1.5,6.0,2.0,2.0,3.5,19.0,0.132192
417,150.0,1.5,6.0,2.0,2.0,3.5,19.0,0.264384
418,150.0,1.5,6.0,2.0,2.0,3.5,19.0,0.528768
419,150.0,1.5,6.0,2.0,2.0,3.5,19.0,1.057536
420,150.0,1.5,6.0,2.0,2.0,3.5,22.0,0.066096
421,150.0,1.5,6.0,2.0,2.0,3.5,22.0,0.132192
422,150.0,1.5,6.0,2.0,2.0,3.5,22.0,0.264384
423,150.0,1.5,6.0,2.0,2.0,3.5,22.0,0.528768
424,150.0,1.5,6.0,2.0,2.0,3.5,22.0,1.057536
425,150.0,2.0,2.0,2.5,2.5,4.0,10.0,0.066096
426,150.0,2.0,2.0,2.5,2.5,4.0,10.0,0.132192
427,150.0,2.0,2.0,2.5,2.5,4.0,10.0,0.264384
428,150.0,2.0,2.0,2.5,2.5,4.0,10.0,0.528768
429,150.0,2.0,2.0,2.5,2.5,4.0,10.0,1.057536
430,150.0,2.0,2.0,2.5,2.5,4.0,13.0,0.066096
431,150.0,2.0,2.0,2.5,2.5,4.0,13.0,0.132192
432,150.0,2.0,2.0,2.5,2.5,4.0,13.0,0.264384
433,150.0,2.0,2.0,2.5,2.5,4.0,13.0,0.528768
434,150.0,2.0,2.0,2.5,2.5,4.0,13.0,1.057536
435,150.0,2.0,2.0,2.5,2.5,4.0,16.0,0.066096
436,150.0,2.0,2.0,2.5,2.5,4.0,16.0,0.132192
437,150.0,2.0,2.0,2.5,2.5,4.0,16.0,0.264384
438,150.0,2.0,2.0,2.5,2.5,4.0,16.0,0.528768
439,150.0,2.0,2.0,2.5,2.5,4.0,16.0,1.057536
440,150.0,2.0,2.0,2.5,2.5,4.0,19.0,0.066096
441,150.0,2.0,2.0,2.5,2.5,4.0,19.0,0.132192
442,150.0,2.0,2.0,2.5,2.5,4.0,19.0,0.264384
443,150.0,2.0,2.0,2.5,2.5,4.0,19.0,0.528768
444,150.0,2.0,2.0,2.5,2.5,4.0,19.0,1.057536
445,150.0,2.0,2.0,2.5,2.5,4.0,22.0,0.066096
446,150.0,2.0,2.0,2.5,2.5,4.0,22.0,0.132192
447,150.0,2.0,2.0,2.5,2.5,4.0,22.0,0.264384
448,150.0,2.0,2.0,2.5,2.5,4.0,22.0,0.528768
449,150.0,2.0,2.0,2.5,2.5,4.0,22.0,1.057536
450,150.0,2.5,3.0,3.0,3.0,2.0,10.0,0.066096
451,150.0,2.5,3.0,3.0,3.0,2.0,10.0,0.132192
452,150.0,2.5,3.0,3.0,3.0,2.0,10.0,0.264384
453,150.0,2.5,3.0,3.0,3.0,2.0,10.0,0.528768
454,150.0,2.5,3.0,3.0,3.0,2.0,10.0,1.057536
455,150.0,2.5,3.0,3.0,3.0,2.0,13.0,0.066096
456,150.0,2.5,3.0,3.0,3.0,2.0,13.0,0.132192
457,150.0,2.5,3.0,3.0,3.0,2.0,13.0,0.264384
458,150.0,2.5,3.0,3.0,3.0,2.0,13.0,0.528768
459,150.0,2.5,3.0,3.0,3.0,2.0,13.0,1.057536
460,150.0,2.5,3.0,3.0,3.0,2.0,16.0,0.066096
461,150.0,2.5,3.0,3.0,3.0,2.0,16.0,0.132192
462,150.0,2.5,3.0,3.0,3.0,2.0,16.0,0.264384
463,150.0,2.5,3.0,3.0,3.0,2.0,16.0,0.528768
464,150.0,2.5,3.0,3.0,3.0,2.0,16.0,1.057536
465,150.0,2.5,3.0,3.0,3.0,2.0,19.0,0.066096
466,150.0,2.5,3.0,3.0,3.0,2.0,19.0,0.132192
467,150.0,2.5,3.0,3.0,3.0,2.0,19.0,0.264384
468,150.0,2.5,3.0,3.0,3.0,2.0,19.0,0.528768
469,150.0,2.5,3.0,3.0,3.0,2.0,19.0,1.057536
470,150.0,2.5,3.0,3.0,3.0,2.0,22.0,0.066096
471,150.0,2.5,3.0,3.0,3.0,2.0,22.0,0.132192
472,150.0,2.5,3.0,3.0,3.0,2.0,22.0,0.264384
473,150.0,2.5,3.0,3.0,3.0,2.0,22.0,0.528768
474,150.0,2.5,3.0,3.0,3.0,2.0,22.0,1.057536
475,150.0,3.0,4.0,1.0,3.5,2.5,10.0,0.066096
476,150.0,3.0,4.0,1.0,3.5,2.5,10.0,0.132192
477,150.0,3.0,4.0,1.0,3.5,2.5,10.0,0.264384
478,150.0,3.0,4.0,1.0,3.5,2.5,10.0,0.528768
479,150.0,3.0,4.0,1.0,3.5,2.5,10.0,1.057536
480,150.0,3.0,4.0,1.0,3.5,2.5,13.0,0.066096
481,150.0,3.0,4.0,1.0,3.5,2.5,13.0,0.132192
482,150.0,3.0,4.0,1.0,3.5,2.5,13.0,0.264384
483,150.0,3.0,4.0,1.0,3.5,2.5,13.0,0.528768
484,150.0,3.0,4.0,1.0,3.5,2.5,13.0,1.057536
485,150.0,3.0,4.0,1.0,3.5,2.5,16.0,0.066096
486,150.0,3.0,4.0,1.0,3.5,2.5,16.0,0.132192
487,150.0,3.0,4.0,1.0,3.5,2.5,16.0,0.264384
488,150.0,3.0,4.0,1.0,3.5,2.5,16.0,0.528768
489,150.0,3.0,4.0,1.0,3.5,2.5,16.0,1.057536
490,150.0,3.0,4.0,1.0,3.5,2.5,19.0,0.066096
491,150.0,3.0,4.0,1.0,3.5,2.5,19.0,0.132192
492,150.0,3.0,4.0,1.0,3.5,2.5,19.0,0.264384
493,150.0,3.0,4.0,1.0,3.5,2.5,19.0,0.528768
494,150.0,3.0,4.0,1.0,3.5,2.5,19.0,1.057536
495,150.0,3.0,4.0,1.0,3.5,2.5,22.0,0.066096
496,150.0,3.0,4.0,1.0,3.5,2.5,22.0,0.132192
497,150.0,3.0,4.0,1.0,3.5,2.5,22.0,0.264384
498,150.0,3.0,4.0,1.0,3.5,2.5,22.0,0.528768
499,150.0,3.0,4.0,1.0,3.5,2.5,22.0,1.057536
500,175.0,1.0,6.0,2.5,3.0,2.5,10.0,0.066096
501,175.0,1.0,6.0,2.5,3.0,2.5,10.0,0.132192
502,175.0,1.0,6.0,2.5,3.0,2.5,10.0,0.264384
503,175.0,1.0,6.0,2.5,3.0,2.5,10.0,0.528768
504,175.0,1.0,6.0,2.5,3.0,2.5,10.0,1.057536
505,175.0,1.0,6.0,2.5,3.0,2.5,13.0,0.066096
506,175.0,1.0,6.0,2.5,3.0,2.5,13.0,0.132192
507,175.0,1.0,6.0,2.5,3.0,2.5,13.0,0.264384
508,175.0,1.0,6.0,2.5,3.0,2.5,13.0,0.528768
509,175.0,1.0,6.0,2.5,3.0,2.5,13.0,1.057536
510,175.0,1.0,6.0,2.5,3.0,2.5,16.0,0.066096
511,175.0,1.0,6.0,2.5,3.0,2.5,16.0,0.132192
512,175.0,1.0,6.0,2.5,3.0,2.5,16.0,0.264384
513,175.0,1.0,6.0,2.5,3.0,2.5,16.0,0.528768
514,175.0,1.0,6.0,2.5,3.0,2.5,16.0,1.057536
515,175.0,1.0,6.0,2.5,3.0,2.5,19.0,0.066096
516,175.0,1.0,6.0,2.5,3.0,2.5,19.0,0.132192
517,175.0,1.0,6.0,2.5,3.0,2.5,19.0,0.264384
518,175.0,1.0,6.0,2.5,3.0,2.5,19.0,0.528768
519,175.0,1.0,6.0,2.5,3.0,2.5,19.0,1.057536
520,175.0,1.0,6.0,2.5,3.0,2.5,22.0,0.066096
521,175.0,1.0,6.0,2.5,3.0,2.5,22.0,0.132192
522,175.0,1.0,6.0,2.5,3.0,2.5,22.0,0.264384
523,175.0,1.0,6.0,2.5,3.0,2.5,22.0,0.528768
524,175.0,1.0,6.0,2.5,3.0,2.5,22.0,1.057536
525,175.0,1.5,2.0,3.0,3.5,3.0,10.0,0.066096
526,175.0,1.5,2.0,3.0,3.5,3.0,10.0,0.132192
527,175.0,1.5,2.0,3.0,3.5,3.0,10.0,0.264384
528,175.0,1.5,2.0,3.0,3.5,3.0,10.0,0.528768
529,175.0,1.5,2.0,3.0,3.5,3.0,10.0,1.057536
530,175.0,1.5,2.0,3.0,3.5,3.0,13.0,0.066096
531,175.0,1.5,2.0,3.0,3.5,3.0,13.0,0.132192
532,175.0,1.5,2.0,3.0,3.5,3.0,13.0,0.264384
533,175.0,1.5,2.0,3.0,3.5,3.0,13.0,0.528768
534,175.0,1.5,2.0,3.0,3.5,3.0,13.0,1.057536
535,175.0,1.5,2.0,3.0,3.5,3.0,16.0,0.066096
536,175.0,1.5,2.0,3.0,3.5,3.0,16.0,0.132192
537,175.0,1.5,2.0,3.0,3.5,3.0,16.0,0.264384
538,175.0,1.5,2.0,3.0,3.5,3.0,16.0,0.528768
539,175.0,1.5,2.0,3.0,3.5,3.0,16.0,1.057536
540,175.0,1.5,2.0,3.0,3.5,3.0,19.0,0.066096
541,175.0,1.5,2.0,3.0,3.5,3.0,19.0,0.132192
542,175.0,1.5,2.0,3.0,3.5,3.0,19.0,0.264384
543,175.0,1.5,2.0,3.0,3.5,3.0,19.0,0.528768
544,175.0,1.5,2.0,3.0,3.5,3.0,19.0,1.057536
545,175.0,1.5,2.0,3.0,3.5,3.0,22.0,0.066096
546,175.0,1.5,2.0,3.0,3.5,3.0,22.0,0.132192
547,175.0,1.5,2.0,3.0,3.5,3.0,22.0,0.264384
548,175.0,1.5,2.0,3.0,3.5,3.0,22.0,0.528768
549,175.0,1.5,2.0,3.0,3.5,3.0,22.0,1.057536
550,175.0,2.0,3.0,1.0,4.0,3.5,10.0,0.066096
551,175.0,2.0,3.0,1.0,4.0,3.5,10.0,0.132192
552,175.0,2.0,3.0,1.0,4.0,3.5,10.0,0.264384
553,175.0,2.0,3.0,1.0,4.0,3.5,10.0,0.528768
554,175.0,2.0,3.0,1.0,4.0,3.5,10.0,1.057536
555,175.0,2.0,3.0,1.0,4.0,3.5,13.0,0.066096
556,175.0,2.0,3.0,1.0,4.0,3.5,13.0,0.132192
557,175.0,2.0,3.0,1.0,4.0,3.5,13.0,0.264384
558,175.0,2.0,3.0,1.0,4.0,3.5,13.0,0.528768
559,175.0,2.0,3.0,1.0,4.0,3.5,13.0,1.057536
560,175.0,2.0,3.0,1.0,4.0,3.5,16.0,0.066096
561,175.0,2.0,3.0,1.0,4.0,3.5,16.0,0.132192
562,175.0,2.0,3.0,1.0,4.0,3.5,16.0,0.264384
563,175.0,2.0,3.0,1.0,4.0,3.5,16.0,0.528768
564,175.0,2.0,3.0,1.0,4.0,3.5,16.0,1.057536
565,175.0,2.0,3.0,1.0,4.0,3.5,19.0,0.066096
566,175.0,2.0,3.0,1.0,4.0,3.5,19.0,0.132192
567,175.0,2.0,3.0,1.0,4.0,3.5,19.0,0.264384
568,175.0,2.0,3.0,1.0,4.0,3.5,19.0,0.528768
569,175.0,2.0,3.0,1.0,4.0,3.5,19.0,1.057536
570,175.0,2.0,3.0,1.0,4.0,3.5,22.0,0.066096
571,175.0,2.0,3.0,1.0,4.0,3.5,22.0,0.132192
572,175.0,2.0,3.0,1.0,4.0,3.5,22.0,0.264384
573,175.0,2.0,3.0,1.0,4.0,3.5,22.0,0.528768
574,175.0,2.0,3.0,1.0,4.0,3.5,22.0,1.057536
575,175.0,2.5,4.0,1.5,2.0,4.0,10.0,0.066096
576,175.0,2.5,4.0,1.5,2.0,4.0,10.0,0.132192
577,175.0,2.5,4.0,1.5,2.0,4.0,10.0,0.264384
578,175.0,2.5,4.0,1.5,2.0,4.0,10.0,0.528768
579,175.0,2.5,4.0,1.5,2.0,4.0,10.0,1.057536
580,175.0,2.5,4.0,1.5,2.0,4.0,13.0,0.066096
581,175.0,2.5,4.0,1.5,2.0,4.0,13.0,0.132192
582,175.0,2.5,4.0,1.5,2.0,4.0,13.0,0.264384
583,175.0,2.5,4.0,1.5,2.0,4.0,13.0,0.528768
584,175.0,2.5,4.0,1.5,2.0,4.0,13.0,1.057536
585,175.0,2.5,4.0,1.5,2.0,4.0,16.0,0.066096
586,175.0,2.5,4.0,1.5,2.0,4.0,16.0,0.132192
587,175.0,2.5,4.0,1.5,2.0,4.0,16.0,0.264384
588,175.0,2.5,4.0,1.5,2.0,4.0,16.0,0.528768
589,175.0,2.5,4.0,1.5,2.0,4.0,16.0,1.057536
590,175.0,2.5,4.0,1.5,2.0,4.0,19.0,0.066096
591,175.0,2.5,4.0,1.5,2.0,4.0,19.0,0.132192
592,175.0,2.5,4.0,1.5,2.0,4.0,19.0,0.264384
593,175.0,2.5,4.0,1.5,2.0,4.0,19.0,0.528768
594,175.0,2.5,4.0,1.5,2.0,4.0,19.0,1.057536
595,175.0,2.5,4.0,1.5,2.0,4.0,22.0,0.066096
596,175.0,2.5,4.0,1.5,2.0,4.0,22.0,0.132192
597,175.0,2.5,4.0,1.5,2.0,4.0,22.0,0.264384
598,175.0,2.5,4.0,1.5,2.0,4.0,22.0,0.528768
599,175.0,2.5,4.0,1.5,2.0,4.0,22.0,1.057536
600,175.0,3.0,5.0,2.0,2.5,2.0,10.0,0.066096
601,175.0,3.0,5.0,2.0,2.5,2.0,10.0,0.132192
602,175.0,3.0,5.0,2.0,2.5,2.0,10.0,0.264384
603,175.0,3.0,5.0,2.0,2.5,2.0,10.0,0.528768
604,175.0,3.0,5.0,2.0,2.5,2.0,10.0,1.057536
605,175.0,3.0,5.0,2.0,2.5,2.0,13.0,0.066096
606,175.0,3.0,5.0,2.0,2.5,2.0,13.0,0.132192
607,175.0,3.0,5.0,2.0,2.5,2.0,13.0,0.264384
608,175.0,3.0,5.0,2.0,2.5,2.0,13.0,0.528768
609,175.0,3.0,5.0,2.0,2.5,2.0,13.0,1.057536
610,175.0,3.0,5.0,2.0,2.5,2.0,16.0,0.066096
611,175.0,3.0,5.0,2.0,2.5,2.0,16.0,0.132192
612,175.0,3.0,5.0,2.0,2.5,2.0,16.0,0.264384
613,175.0,3.0,5.0,2.0,2.5,2.0,16.0,0.528768
614,175.0,3.0,5.0,2.0,2.5,2.0,16.0,1.057536
615,175.0,3.0,5.0,2.0,2.5,2.0,19.0,0.066096
616,175.0,3.0,5.0,2.0,2.5,2.0,19.0,0.132192
617,175.0,3.0,5.0,2.0,2.5,2.0,19.0,0.264384
618,175.0,3.0,5.0,2.0,2.5,2.0,19.0,0.528768
619,175.0,3.0,5.0,2.0,2.5,2.0,19.0,1.057536
620,175.0,3.0,5.0,2.0,2.5,2.0,22.0,0.066096
621,175.0,3.0,5.0,2.0,2.5,2.0,22.0,0.132192
622,175.0,3.0,5.0,2.0,2.5,2.0,22.0,0.264384
623,175.0,3.0,5.0,2.0,2.5,2.0,22.0,0.528768
624,175.0,3.0,5.0,2.0,2.5,2.0,22.0,1.057536
625,75.0,1.0,2.0,1.0,2.0,2.0,10.0,0.033048
626,75.0,1.0,2.0,1.0,2.0,2.0,13.0,0.033048
627,75.0,1.0,2.0,1.0,2.0,2.0,16.0,0.033048
628,75.0,1.0,2.0,1.0,2.0,2.0,19.0,0.033048
629,75.0,1.0,2.0,1.0,2.0,2.0,22.0,0.033048
630,75.0,1.5,3.0,1.5,2.5,2.5,10.0,0.033048
631,75.0,1.5,3.0,1.5,2.5,2.5,13.0,0.033048
632,75.0,1.5,3.0,1.5,2.5,2.5,16.0,0.033048
633,75.0,1.5,3.0,1.5,2.5,2.5,19.0,0.033048
634,75.0,1.5,3.0,1.5,2.5,2.5,22.0,0.033048
635,75.0,2.0,4.0,2.0,3.0,3.0,10.0,0.033048
636,75.0,2.0,4.0,2.0,3.0,3.0,13.0,0.033048
637,75.0,2.0,4.0,2.0,3.0,3.0,16.0,0.033048
638,75.0,2.0,4.0,2.0,3.0,3.0,19.0,0.033048
639,75.0,2.0,4.0,2.0,3.0,3.0,22.0,0.033048
640,75.0,2.5,5.0,2.5,3.5,3.5,10.0,0.033048
641,75.0,2.5,5.0,2.5,3.5,3.5,13.0,0.033048
642,75.0,2.5,5.0,2.5,3.5,3.5,16.0,0.033048
643,75.0,2.5,5.0,2.5,3.5,3.5,19.0,0.033048
644,75.0,2.5,5.0,2.5,3.5,3.5,22.0,0.033048
645,75.0,3.0,6.0,3.0,4.0,4.0,10.0,0.033048
646,75.0,3.0,6.0,3.0,4.0,4.0,13.0,0.033048
647,75.0,3.0,6.0,3.0,4.0,4.0,16.0,0.033048
648,75.0,3.0,6.0,3.0,4.0,4.0,19.0,0.033048
649,75.0,3.0,6.0,3.0,4.0,4.0,22.0,0.033048
650,100.0,1.0,3.0,2.0,3.5,4.0,10.0,0.033048
651,100.0,1.0,3.0,2.0,3.5,4.0,13.0,0.033048
652,100.0,1.0,3.0,2.0,3.5,4.0,16.0,0.033048
653,100.0,1.0,3.0,2.0,3.5,4.0,19.0,0.033048
654,100.0,1.0,3.0,2.0,3.5,4.0,22.0,0.033048
655,100.0,1.5,4.0,2.5,4.0,2.0,10.0,0.033048
656,100.0,1.5,4.0,2.5,4.0,2.0,13.0,0.033048
657,100.0,1.5,4.0,2.5,4.0,2.0,16.0,0.033048
658,100.0,1.5,4.0,2.5,4.0,2.0,19.0,0.033048
659,100.0,1.5,4.0,2.5,4.0,2.0,22.0,0.033048
660,100.0,2.0,5.0,3.0,2.0,2.5,10.0,0.033048
661,100.0,2.0,5.0,3.0,2.0,2.5,13.0,0.033048
662,100.0,2.0,5.0,3.0,2.0,2.5,16.0,0.033048
663,100.0,2.0,5.0,3.0,2.0,2.5,19.0,0.033048
664,100.0,2.0,5.0,3.0,2.0,2.5,22.0,0.033048
665,100.0,2.5,6.0,1.0,2.5,3.0,10.0,0.033048
666,100.0,2.5,6.0,1.0,2.5,3.0,13.0,0.033048
667,100.0,2.5,6.0,1.0,2.5,3.0,16.0,0.033048
668,100.0,2.5,6.0,1.0,2.5,3.0,19.0,0.033048
669,100.0,2.5,6.0,1.0,2.5,3.0,22.0,0.033048
670,100.0,3.0,2.0,1.5,3.0,3.5,10.0,0.033048
671,100.0,3.0,2.0,1.5,3.0,3.5,13.0,0.033048
672,100.0,3.0,2.0,1.5,3.0,3.5,16.0,0.033048
673,100.0,3.0,2.0,1.5,3.0,3.5,19.0,0.033048
674,100.0,3.0,2.0,1.5,3.0,3.5,22.0,0.033048
675,125.0,1.0,4.0,3.0,2.5,3.5,10.0,0.033048
676,125.0,1.0,4.0,3.0,2.5,3.5,13.0,0.033048
677,125.0,1.0,4.0,3.0,2.5,3.5,16.0,0.033048
678,125.0,1.0,4.0,3.0,2.5,3.5,19.0,0.033048
679,125.0,1.0,4.0,3.0,2.5,3.5,22.0,0.033048
680,125.0,1.5,5.0,1.0,3.0,4.0,10.0,0.033048
681,125.0,1.5,5.0,1.0,3.0,4.0,13.0,0.033048
682,125.0,1.5,5.0,1.0,3.0,4.0,16.0,0.033048
683,125.0,1.5,5.0,1.0,3.0,4.0,19.0,0.033048
684,125.0,1.5,5.0,1.0,3.0,4.0,22.0,0.033048
685,125.0,2.0,6.0,1.5,3.5,2.0,10.0,0.033048
686,125.0,2.0,6.0,1.5,3.5,2.0,13.0,0.033048
687,125.0,2.0,6.0,1.5,3.5,2.0,16.0,0.033048
688,125.0,2.0,6.0,1.5,3.5,2.0,19.0,0.033048
689,125.0,2.0,6.0,1.5,3.5,2.0,22.0,0.033048
690,125.0,2.5,2.0,2.0,4.0,2.5,10.0,0.033048
691,125.0,2.5,2.0,2.0,4.0,2.5,13.0,0.033048
692,125.0,2.5,2.0,2.0,4.0,2.5,16.0,0.033048
693,125.0,2.5,2.0,2.0,4.0,2.5,19.0,0.033048
694,125.0,2.5,2.0,2.0,4.0,2.5,22.0,0.033048
695,125.0,3.0,3.0,2.5,2.0,3.0,10.0,0.033048
696,125.0,3.0,3.0,2.5,2.0,3.0,13.0,0.033048
697,125.0,3.0,3.0,2.5,2.0,3.0,16.0,0.033048
698,125.0,3.0,3.0,2.5,2.0,3.0,19.0,0.033048
699,125.0,3.0,3.0,2.5,2.0,3.0,22.0,0.033048
700,150.0,1.0,5.0,1.5,4.0,3.0,10.0,0.033048
701,150.0,1.0,5.0,1.5,4.0,3.0,13.0,0.033048
702,150.0,1.0,5.0,1.5,4.0,3.0,16.0,0.033048
703,150.0,1.0,5.0,1.5,4.0,3.0,19.0,0.033048
704,150.0,1.0,5.0,1.5,4.0,3.0,22.0,0.033048
705,150.0,1.5,6.0,2.0,2.0,3.5,10.0,0.033048
706,150.0,1.5,6.0,2.0,2.0,3.5,13.0,0.033048
707,150.0,1.5,6.0,2.0,2.0,3.5,16.0,0.033048
708,150.0,1.5,6.0,2.0,2.0,3.5,19.0,0.033048
709,150.0,1.5,6.0,2.0,2.0,3.5,22.0,0.033048
710,150.0,2.0,2.0,2.5,2.5,4.0,10.0,0.033048
711,150.0,2.0,2.0,2.5,2.5,4.0,13.0,0.033048
712,150.0,2.0,2.0,2.5,2.5,4.0,16.0,0.033048
713,150.0,2.0,2.0,2.5,2.5,4.0,19.0,0.033048
714,150.0,2.0,2.0,2.5,2.5,4.0,22.0,0.033048
715,150.0,2.5,3.0,3.0,3.0,2.0,10.0,0.033048
716,150.0,2.5,3.0,3.0,3.0,2.0,13.0,0.033048
717,150.0,2.5,3.0,3.0,3.0,2.0,16.0,0.033048
718,150.0,2.5,3.0,3.0,3.0,2.0,19.0,0.033048
719,150.0,2.5,3.0,3.0,3.0,2.0,22.0,0.033048
720,150.0,3.0,4.0,1.0,3.5,2.5,10.0,0.033048
721,150.0,3.0,4.0,1.0,3.5,2.5,13.0,0.033048
722,150.0,3.0,4.0,1.0,3.5,2.5,16.0,0.033048
723,150.0,3.0,4.0,1.0,3.5,2.5,19.0,0.033048
724,150.0,3.0,4.0,1.0,3.5,2.5,22.0,0.033048
725,175.0,1.0,6.0,2.5,3.0,2.5,10.0,0.033048
726,175.0,1.0,6.0,2.5,3.0,2.5,13.0,0.033048
727,175.0,1.0,6.0,2.5,3.0,2.5,16.0,0.033048
728,175.0,1.0,6.0,2.5,3.0,2.5,19.0,0.033048
729,175.0,1.0,6.0,2.5,3.0,2.5,22.0,0.033048
730,175.0,1.5,2.0,3.0,3.5,3.0,10.0,0.033048
731,175.0,1.5,2.0,3.0,3.5,3.0,13.0,0.033048
732,175.0,1.5,2.0,3.0,3.5,3.0,16.0,0.033048
733,175.0,1.5,2.0,3.0,3.5,3.0,19.0,0.033048
734,175.0,1.5,2.0,3.0,3.5,3.0,22.0,0.033048
735,175.0,2.0,3.0,1.0,4.0,3.5,10.0,0.033048
736,175.0,2.0,3.0,1.0,4.0,3.5,13.0,0.033048
737,175.0,2.0,3.0,1.0,4.0,3.5,16.0,0.033048
738,175.0,2.0,3.0,1.0,4.0,3.5,19.0,0.033048
739,175.0,2.0,3.0,1.0,4.0,3.5,22.0,0.033048
740,175.0,2.5,4.0,1.5,2.0,4.0,10.0,0.033048
741,175.0,2.5,4.0,1.5,2.0,4.0,13.0,0.033048
742,175.0,2.5,4.0,1.5,2.0,4.0,16.0,0.033048
743,175.0,2.5,4.0,1.5,2.0,4.0,19.0,0.033048
744,175.0,2.5,4.0,1.5,2.0,4.0,22.0,0.033048
745,175.0,3.0,5.0,2.0,2.5,2.0,10.0,0.033048
746,175.0,3.0,5.0,2.0,2.5,2.0,13.0,0.033048
747,175.0,3.0,5.0,2.0,2.5,2.0,16.0,0.033048
748,175.0,3.0,5.0,2.0,2.5,2.0,19.0,0.033048
749,175.0,3.0,5.0,2.0,2.5,2.0,22.0,0.033048
750,75.0,1.0,2.0,1.0,2.0,2.0,2.0,0.033048
751,75.0,1.0,2.0,1.0,2.0,2.0,6.0,0.033048
752,75.0,1.0,2.0,1.0,2.0,2.0,2.0,0.066096
753,75.0,1.0,2.0,1.0,2.0,2.0,6.0,0.066096
754,75.0,1.5,3.0,1.5,2.5,2.5,2.0,0.033048
755,75.0,1.5,3.0,1.5,2.5,2.5,6.0,0.033048
756,75.0,1.5,3.0,1.5,2.5,2.5,2.0,0.066096
757,75.0,1.5,3.0,1.5,2.5,2.5,6.0,0.066096
758,75.0,2.0,4.0,2.0,3.0,3.0,2.0,0.033048
759,75.0,2.0,4.0,2.0,3.0,3.0,6.0,0.033048
760,75.0,2.0,4.0,2.0,3.0,3.0,2.0,0.066096
761,75.0,2.0,4.0,2.0,3.0,3.0,6.0,0.066096
762,75.0,2.5,5.0,2.5,3.5,3.5,2.0,0.033048
763,75.0,2.5,5.0,2.5,3.5,3.5,6.0,0.033048
764,75.0,2.5,5.0,2.5,3.5,3.5,2.0,0.066096
765,75.0,2.5,5.0,2.5,3.5,3.5,6.0,0.066096
766,75.0,3.0,6.0,3.0,4.0,4.0,2.0,0.033048
767,75.0,3.0,6.0,3.0,4.0,4.0,6.0,0.033048
768,75.0,3.0,6.0,3.0,4.0,4.0,2.0,0.066096
769,75.0,3.0,6.0,3.0,4.0,4.0,6.0,0.066096
770,100.0,1.0,3.0,2.0,3.5,4.0,2.0,0.033048
771,100.0,1.0,3.0,2.0,3.5,4.0,6.0,0.033048
772,100.0,1.0,3.0,2.0,3.5,4.0,2.0,0.066096
773,100.0,1.0,3.0,2.0,3.5,4.0,6.0,0.066096
774,100.0,1.5,4.0,2.5,4.0,2.0,2.0,0.033048
775,100.0,1.5,4.0,2.5,4.0,2.0,6.0,0.033048
776,100.0,1.5,4.0,2.5,4.0,2.0,2.0,0.066096
777,100.0,1.5,4.0,2.5,4.0,2.0,6.0,0.066096
778,100.0,2.0,5.0,3.0,2.0,2.5,2.0,0.033048
779,100.0,2.0,5.0,3.0,2.0,2.5,6.0,0.033048
780,100.0,2.0,5.0,3.0,2.0,2.5,2.0,0.066096
781,100.0,2.0,5.0,3.0,2.0,2.5,6.0,0.066096
782,100.0,2.5,6.0,1.0,2.5,3.0,2.0,0.033048
783,100.0,2.5,6.0,1.0,2.5,3.0,6.0,0.033048
784,100.0,2.5,6.0,1.0,2.5,3.0,2.0,0.066096
785,100.0,2.5,6.0,1.0,2.5,3.0,6.0,0.066096
786,100.0,3.0,2.0,1.5,3.0,3.5,2.0,0.033048
787,100.0,3.0,2.0,1.5,3.0,3.5,6.0,0.033048
788,100.0,3.0,2.0,1.5,3.0,3.5,2.0,0.066096
789,100.0,3.0,2.0,1.5,3.0,3.5,6.0,0.066096
790,125.0,1.0,4.0,3.0,2.5,3.5,2.0,0.033048
791,125.0,1.0,4.0,3.0,2.5,3.5,6.0,0.033048
792,125.0,1.0,4.0,3.0,2.5,3.5,2.0,0.066096
793,125.0,1.0,4.0,3.0,2.5,3.5,6.0,0.066096
794,125.0,1.5,5.0,1.0,3.0,4.0,2.0,0.033048
795,125.0,1.5,5.0,1.0,3.0,4.0,6.0,0.033048
796,125.0,1.5,5.0,1.0,3.0,4.0,2.0,0.066096
797,125.0,1.5,5.0,1.0,3.0,4.0,6.0,0.066096
798,125.0,2.0,6.0,1.5,3.5,2.0,2.0,0.033048
799,125.0,2.0,6.0,1.5,3.5,2.0,6.0,0.033048
800,125.0,2.0,6.0,1.5,3.5,2.0,2.0,0.066096
801,125.0,2.0,6.0,1.5,3.5,2.0,6.0,0.066096
802,125.0,2.5,2.0,2.0,4.0,2.5,2.0,0.033048
803,125.0,2.5,2.0,2.0,4.0,2.5,6.0,0.033048
804,125.0,2.5,2.0,2.0,4.0,2.5,2.0,0.066096
805,125.0,2.5,2.0,2.0,4.0,2.5,6.0,0.066096
806,125.0,3.0,3.0,2.5,2.0,3.0,2.0,0.033048
807,125.0,3.0,3.0,2.5,2.0,3.0,6.0,0.033048
808,125.0,3.0,3.0,2.5,2.0,3.0,2.0,0.066096
809,125.0,3.0,3.0,2.5,2.0,3.0,6.0,0.066096
810,150.0,1.0,5.0,1.5,4.0,3.0,2.0,0.033048
811,150.0,1.0,5.0,1.5,4.0,3.0,6.0,0.033048
812,150.0,1.0,5.0,1.5,4.0,3.0,2.0,0.066096
813,150.0,1.0,5.0,1.5,4.0,3.0,6.0,0.066096
814,150.0,1.5,6.0,2.0,2.0,3.5,2.0,0.033048
815,150.0,1.5,6.0,2.0,2.0,3.5,6.0,0.033048
816,150.0,1.5,6.0,2.0,2.0,3.5,2.0,0.066096
817,150.0,1.5,6.0,2.0,2.0,3.5,6.0,0.066096
818,150.0,2.0,2.0,2.5,2.5,4.0,2.0,0.033048
819,150.0,2.0,2.0,2.5,2.5,4.0,6.0,0.033048
820,150.0,2.0,2.0,2.5,2.5,4.0,2.0,0.066096
821,150.0,2.0,2.0,2.5,2.5,4.0,6.0,0.066096
822,150.0,2.5,3.0,3.0,3.0,2.0,2.0,0.033048
823,150.0,2.5,3.0,3.0,3.0,2.0,6.0,0.033048
824,150.0,2.5,3.0,3.0,3.0,2.0,2.0,0.066096
825,150.0,2.5,3.0,3.0,3.0,2.0,6.0,0.066096
826,150.0,3.0,4.0,1.0,3.5,2.5,2.0,0.033048
827,150.0,3.0,4.0,1.0,3.5,2.5,6.0,0.033048
828,150.0,3.0,4.0,1.0,3.5,2.5,2.0,0.066096
829,150.0,3.0,4.0,1.0,3.5,2.5,6.0,0.066096
830,175.0,1.0,6.0,2.5,3.0,2.5,2.0,0.033048
831,175.0,1.0,6.0,2.5,3.0,2.5,6.0,0.033048
832,175.0,1.0,6.0,2.5,3.0,2.5,2.0,0.066096
833,175.0,1.0,6.0,2.5,3.0,2.5,6.0,0.066096
834,175.0,1.5,2.0,3.0,3.5,3.0,2.0,0.033048
835,175.0,1.5,2.0,3.0,3.5,3.0,6.0,0.033048
836,175.0,1.5,2.0,3.0,3.5,3.0,2.0,0.066096
837,175.0,1.5,2.0,3.0,3.5,3.0,6.0,0.066096
838,175.0,2.0,3.0,1.0,4.0,3.5,2.0,0.033048
839,175.0,2.0,3.0,1.0,4.0,3.5,6.0,0.033048
840,175.0,2.0,3.0,1.0,4.0,3.5,2.0,0.066096
841,175.0,2.0,3.0,1.0,4.0,3.5,6.0,0.066096
842,175.0,2.5,4.0,1.5,2.0,4.0,2.0,0.033048
843,175.0,2.5,4.0,1.5,2.0,4.0,6.0,0.033048
844,175.0,2.5,4.0,1.5,2.0,4.0,2.0,0.066096
845,175.0,2.5,4.0,1.5,2.0,4.0,6.0,0.066096
846,175.0,3.0,5.0,2.0,2.5,2.0,2.0,0.033048
847,175.0,3.0,5.0,2.0,2.5,2.0,6.0,0.033048
848,175.0,3.0,5.0,2.0,2.5,2.0,2.0,0.066096
849,175.0,3.0,5.0,2.0,2.5,2.0,6.0,0.066096
850,75.0,1.0,2.19,1.0,2.01,2.15,22.0,0.178469302
851,75.0,3.0,6.0,3.0,4.0,4.0,22.0,0.144216244
852,75.0,2.02,4.02,2.06,3.04,2.94,19.37,0.047141212
853,100.0,1.96,4.87,2.97,2.0,2.44,19.22,0.259775785
854,150.0,3.0,4.01,1.0,3.5,2.49,12.95,0.127900809
855,175.0,1.49,2.02,2.99,3.49,2.98,10.07,0.045827607
856,100.0,2.81,2.0,1.5,2.99,3.58,22.0,0.1308
857,125.0,1.0,4.0,3.0,2.5,3.5,6.04,0.07
858,175.0,2.51,4.03,1.44,2.0,3.94,12.62,0.07752
859,175.0,1.0,5.96,2.5,3.02,2.49,10.41,1.057536
860,75.0,3.0,6.0,3.0,4.0,4.0,8.0,0.1
861,75.0,3.0,6.0,3.0,4.0,4.0,14.0,0.1
862,75.0,3.0,6.0,3.0,4.0,4.0,20.0,0.1
863,75.0,3.0,6.0,3.0,4.0,4.0,8.0,0.15
864,75.0,3.0,6.0,3.0,4.0,4.0,14.0,0.15
865,75.0,3.0,6.0,3.0,4.0,4.0,20.0,0.15
866,75.0,3.0,6.0,3.0,4.0,4.0,8.0,0.2
867,75.0,3.0,6.0,3.0,4.0,4.0,14.0,0.2
868,75.0,3.0,6.0,3.0,4.0,4.0,20.0,0.2
869,75.0,3.0,6.0,3.0,4.0,4.0,8.0,0.05
870,75.0,3.0,6.0,3.0,4.0,4.0,14.0,0.05
871,75.0,3.0,6.0,3.0,4.0,4.0,20.0,0.05
872,75.0,3.0,6.0,3.0,4.0,4.0,13.0,0.26
873,150.0,3.0,4.01,1.0,3.5,2.49,8.0,0.1
874,150.0,3.0,4.01,1.0,3.5,2.49,14.0,0.1
875,150.0,3.0,4.01,1.0,3.5,2.49,20.0,0.1
876,150.0,3.0,4.01,1.0,3.5,2.49,8.0,0.15
877,150.0,3.0,4.01,1.0,3.5,2.49,14.0,0.15
878,150.0,3.0,4.01,1.0,3.5,2.49,20.0,0.15
879,150.0,3.0,4.01,1.0,3.5,2.49,8.0,0.2
880,150.0,3.0,4.01,1.0,3.5,2.49,14.0,0.2
881,150.0,3.0,4.01,1.0,3.5,2.49,20.0,0.2
882,150.0,3.0,4.01,1.0,3.5,2.49,8.0,0.05
883,150.0,3.0,4.01,1.0,3.5,2.49,14.0,0.05
884,150.0,3.0,4.01,1.0,3.5,2.49,20.0,0.05
885,150.0,3.0,4.01,1.0,3.5,2.49,13.0,0.26
886,175.0,2.51,4.03,1.44,2.0,3.94,8.0,0.1
887,175.0,2.51,4.03,1.44,2.0,3.94,14.0,0.1
888,175.0,2.51,4.03,1.44,2.0,3.94,20.0,0.1
889,175.0,2.51,4.03,1.44,2.0,3.94,8.0,0.15
890,175.0,2.51,4.03,1.44,2.0,3.94,14.0,0.15
891,175.0,2.51,4.03,1.44,2.0,3.94,20.0,0.15
892,175.0,2.51,4.03,1.44,2.0,3.94,8.0,0.2
893,175.0,2.51,4.03,1.44,2.0,3.94,14.0,0.2
894,175.0,2.51,4.03,1.44,2.0,3.94,20.0,0.2
895,175.0,2.51,4.03,1.44,2.0,3.94,8.0,0.05
896,175.0,2.51,4.03,1.44,2.0,3.94,14.0,0.05
897,175.0,2.51,4.03,1.44,2.0,3.94,20.0,0.05
898,175.0,2.51,4.03,1.44,2.0,3.94,13.0,0.26
899,175.0,1.0,5.96,2.5,3.02,2.49,8.0,0.1
900,175.0,1.0,5.96,2.5,3.02,2.49,14.0,0.1
901,175.0,1.0,5.96,2.5,3.02,2.49,20.0,0.1
902,175.0,1.0,5.96,2.5,3.02,2.49,8.0,0.15
903,175.0,1.0,5.96,2.5,3.02,2.49,14.0,0.15
904,175.0,1.0,5.96,2.5,3.02,2.49,20.0,0.15
905,175.0,1.0,5.96,2.5,3.02,2.49,8.0,0.2
906,175.0,1.0,5.96,2.5,3.02,2.49,14.0,0.2
907,175.0,1.0,5.96,2.5,3.02,2.49,20.0,0.2
908,175.0,1.0,5.96,2.5,3.02,2.49,8.0,0.05
909,175.0,1.0,5.96,2.5,3.02,2.49,14.0,0.05
910,175.0,1.0,5.96,2.5,3.02,2.49,20.0,0.05
911,175.0,1.0,5.96,2.5,3.02,2.49,13.0,0.26
912,125.0,1.0,4.0,3.0,2.5,3.5,8.0,0.1
913,125.0,1.0,4.0,3.0,2.5,3.5,14.0,0.1
914,125.0,1.0,4.0,3.0,2.5,3.5,20.0,0.1
915,125.0,1.0,4.0,3.0,2.5,3.5,8.0,0.15
916,125.0,1.0,4.0,3.0,2.5,3.5,14.0,0.15
917,125.0,1.0,4.0,3.0,2.5,3.5,20.0,0.15
918,125.0,1.0,4.0,3.0,2.5,3.5,8.0,0.2
919,125.0,1.0,4.0,3.0,2.5,3.5,14.0,0.2
920,125.0,1.0,4.0,3.0,2.5,3.5,20.0,0.2
921,125.0,1.0,4.0,3.0,2.5,3.5,8.0,0.05
922,125.0,1.0,4.0,3.0,2.5,3.5,14.0,0.05
923,125.0,1.0,4.0,3.0,2.5,3.5,20.0,0.05
924,125.0,1.0,4.0,3.0,2.5,3.5,13.0,0.26
925,100.0,2.81,2.0,1.5,2.99,3.58,8.0,0.1
926,100.0,2.81,2.0,1.5,2.99,3.58,14.0,0.1
927,100.0,2.81,2.0,1.5,2.99,3.58,20.0,0.1
928,100.0,2.81,2.0,1.5,2.99,3.58,8.0,0.15
929,100.0,2.81,2.0,1.5,2.99,3.58,14.0,0.15
930,100.0,2.81,2.0,1.5,2.99,3.58,20.0,0.15
931,100.0,2.81,2.0,1.5,2.99,3.58,8.0,0.2
932,100.0,2.81,2.0,1.5,2.99,3.58,14.0,0.2
933,100.0,2.81,2.0,1.5,2.99,3.58,20.0,0.2
934,100.0,2.81,2.0,1.5,2.99,3.58,8.0,0.05
935,100.0,2.81,2.0,1.5,2.99,3.58,14.0,0.05
936,100.0,2.81,2.0,1.5,2.99,3.58,20.0,0.05
937,100.0,2.81,2.0,1.5,2.99,3.58,13.0,0.26
938,175.0,1.49,2.02,2.99,3.49,2.98,8.0,0.1
939,175.0,1.49,2.02,2.99,3.49,2.98,14.0,0.1
940,175.0,1.49,2.02,2.99,3.49,2.98,20.0,0.1
941,175.0,1.49,2.02,2.99,3.49,2.98,8.0,0.15
942,175.0,1.49,2.02,2.99,3.49,2.98,14.0,0.15
943,175.0,1.49,2.02,2.99,3.49,2.98,20.0,0.15
944,175.0,1.49,2.02,2.99,3.49,2.98,8.0,0.2
945,175.0,1.49,2.02,2.99,3.49,2.98,14.0,0.2
946,175.0,1.49,2.02,2.99,3.49,2.98,20.0,0.2
947,175.0,1.49,2.02,2.99,3.49,2.98,8.0,0.05
948,175.0,1.49,2.02,2.99,3.49,2.98,14.0,0.05
949,175.0,1.49,2.02,2.99,3.49,2.98,20.0,0.05
950,175.0,1.49,2.02,2.99,3.49,2.98,13.0,0.26
951,100.0,1.96,4.87,2.97,2.0,2.44,8.0,0.1
952,100.0,1.96,4.87,2.97,2.0,2.44,14.0,0.1
953,100.0,1.96,4.87,2.97,2.0,2.44,20.0,0.1
954,100.0,1.96,4.87,2.97,2.0,2.44,8.0,0.15
955,100.0,1.96,4.87,2.97,2.0,2.44,14.0,0.15
956,100.0,1.96,4.87,2.97,2.0,2.44,20.0,0.15
957,100.0,1.96,4.87,2.97,2.0,2.44,8.0,0.2
958,100.0,1.96,4.87,2.97,2.0,2.44,14.0,0.2
959,100.0,1.96,4.87,2.97,2.0,2.44,20.0,0.2
960,100.0,1.96,4.87,2.97,2.0,2.44,8.0,0.05
961,100.0,1.96,4.87,2.97,2.0,2.44,14.0,0.05
962,100.0,1.96,4.87,2.97,2.0,2.44,20.0,0.05
963,100.0,1.96,4.87,2.97,2.0,2.44,13.0,0.26
964,75.0,2.02,4.02,2.06,3.04,2.94,8.0,0.1
965,75.0,2.02,4.02,2.06,3.04,2.94,14.0,0.1
966,75.0,2.02,4.02,2.06,3.04,2.94,20.0,0.1
967,75.0,2.02,4.02,2.06,3.04,2.94,8.0,0.15
968,75.0,2.02,4.02,2.06,3.04,2.94,14.0,0.15
969,75.0,2.02,4.02,2.06,3.04,2.94,20.0,0.15
970,75.0,2.02,4.02,2.06,3.04,2.94,8.0,0.2
971,75.0,2.02,4.02,2.06,3.04,2.94,14.0,0.2
972,75.0,2.02,4.02,2.06,3.04,2.94,20.0,0.2
973,75.0,2.02,4.02,2.06,3.04,2.94,8.0,0.05
974,75.0,2.02,4.02,2.06,3.04,2.94,14.0,0.05
975,75.0,2.02,4.02,2.06,3.04,2.94,20.0,0.05
976,75.0,2.02,4.02,2.06,3.04,2.94,13.0,0.26
977,75.0,1.0,2.19,1.0,2.01,2.15,8.0,0.1
978,75.0,1.0,2.19,1.0,2.01,2.15,14.0,0.1
979,75.0,1.0,2.19,1.0,2.01,2.15,20.0,0.1
980,75.0,1.0,2.19,1.0,2.01,2.15,8.0,0.15
981,75.0,1.0,2.19,1.0,2.01,2.15,14.0,0.15
982,75.0,1.0,2.19,1.0,2.01,2.15,20.0,0.15
983,75.0,1.0,2.19,1.0,2.01,2.15,8.0,0.2
984,75.0,1.0,2.19,1.0,2.01,2.15,14.0,0.2
985,75.0,1.0,2.19,1.0,2.01,2.15,20.0,0.2
986,75.0,1.0,2.19,1.0,2.01,2.15,8.0,0.05
987,75.0,1.0,2.19,1.0,2.01,2.15,14.0,0.05
988,75.0,1.0,2.19,1.0,2.01,2.15,20.0,0.05
989,75.0,1.0,2.19,1.0,2.01,2.15,13.0,0.26
990,75.0,1.253690988,2.18651821,1.153998739,2.041811185,2.281945242,22.0,0.242474858
991,75.0,2.999434865,5.885792798,2.999981744,3.998201337,3.976055455,20.96348771,0.166720571
992,100.0,2.998118492,2.001855995,1.5,3.000964272,3.500983081,19.01407164,0.074108306
993,125.0,1.133846581,4.104441538,3.0,2.551043011,3.550103437,6.390758847,0.050698895
994,100.0,1.988997389,4.967420955,2.999999409,2.005715564,2.49205898,13.02193868,1.052566941
995,125.0,2.494597918,5.996703776,1.27435151,3.736411161,2.064123078,19.12431467,0.528766709
996,150.0,2.51072006,3.0,2.99999952,2.99469775,2.000000102,9.919498818,0.528767786
997,175.0,1.074674909,5.999992555,2.424421547,3.000308385,2.427695033,9.441822058,1.057534257
